~, Pda_encyclopedia_name, St_prop_weight, St_upgr_cost, BR1, BR2, BR3, BR4, BR5, BR6, BR7, St_data_export_projectiles, Ui_inv_damage, Ui_inv_accuracy, Ui_inv_wrange, St_data_export_falloff, Ui_inv_bspeed, St_data_export_impulse, St_data_export_weapon_degradation
mag_ak_7.62x39_modern,"st_mag_ak103_7.62x39",0.21,1215,0,,,,,,,1,0,0%,0%,0%,0%,0%,0%
ammo_20x70_buck,"ammo_20x70_buck",0.35,600,3,,,,,,,9,0.3,380%,75%,100%,100%,70%,105%
mag_m1a1_11.43x23_default,"st_mag_m1a1_11.43x23_fmj",0.17,754,0,,,,,,,1,0,0%,0%,0%,0%,0%,0%
mag_p220_9x19_u2p2bas,"st_mag_p220_9x19_u2p2bas",0.14,1055,0,,,,,,,1,0,0%,0%,0%,0%,0%,0%
ammo_4.6x30_fmj,"ammo-4.6x30-fmj",0.09,3000,,,25,,,,,1,1,66%,100%,80%,100%,36%,40%
mag_sks_7.62x54,"st_mag_sks_7.62x54",0.13,1735,0,,,,,,,1,0,0%,0%,0%,0%,0%,0%
mag_mp443_9x19_default,"st_mag_mp443_9x19_fmj",0.1,415,0,,,,,,,1,0,0%,0%,0%,0%,0%,0%
mag_ash_12.7x55_extended,"st_mag_ash12_ext_12.7x55",0.45,4365,0,,,,,,,1,0,0%,0%,0%,0%,0%,0%
mag_ak_5.45x39_fast,"st_mag_ak74_fast_5.45x39",0.2,5475,0,,,,,,,1,0,0%,0%,0%,0%,0%,0%
mag_xd9_9x19_default,"st_ppp_xd9_9x19_fmj",0.09,487,0,,,,,,,1,0,0%,0%,0%,0%,0%,0%
mag_aps_9x19_alt,"st_mag_aps_9x19_fmj",0.04,520,0,,,,,,,1,0,0%,0%,0%,0%,0%,0%
mag_wp99_9x19_extended,"st_mag_wp99_9x19_fmjext",0.14,1055,0,,,,,,,1,0,0%,0%,0%,0%,0%,0%
ammo_9x18_ap,"ammo-9x18-ap",0.17,1200,,,27,,,,,1,0.6,66%,100%,80%,187%,55%,40%
mag_walther_9x19_default,"st_mag_walther_9x19_fmj",0.07,377,0,,,,,,,1,0,0%,0%,0%,0%,0%,0%
mag_deserteagal_default,"st_mag_desert_eagle_357_hp",0.5,510,0,,,,,,,1,0,0%,0%,0%,0%,0%,0%
mag_basvz61_9x18_30,"st_mag_basvz61_9x18_30",0.14,561,0,,,,,,,1,0,0%,0%,0%,0%,0%,0%
ammo_12x70_buck,"ammo-12x70-buck",0.45,1000,3,,,,,,,9,0.42,400%,75%,100%,142%,50%,40%
ammo_12x76_bull,"ammo-12x76-bull",0.6,5000,,,,,40,,,1,2.5,50%,100%,100%,100%,100%,40%
mag_sw_45_default,"st_ppp_sw_45_fmj",0.16,330,0,,,,,,,1,0,0%,0%,0%,0%,0%,0%
mag_oc_9x19_alt,"st_mag_oc33_9x19_fmj",0.04,712,0,,,,,,,1,0,0%,0%,0%,0%,0%,0%
ammo_5.45x39_ep,"ammo-5.45x39-ep",0.16,1600,10,,,,,,,1,1.75,66%,100%,25%,150%,55%,40%
mag_val_9x39_default,"st_mag_val_9x39_pab9",0.3,2365,0,,,,,,,1,0,0%,0%,0%,0%,0%,0%
mag_vssbas_9x39_extended2,"st_mag_basextvintorez_9x39_pab9",0.45,3217,0,,,,,,,1,0,0%,0%,0%,0%,0%,0%
mag_vssbas_9x39_extended1,"st_mag_basvintorez_9x39_pab9",0.3,2417,0,,,,,,,1,0,0%,0%,0%,0%,0%,0%
mag_hpsa_9x18_alt,"st_mag_hpsa_9x18_fmj",0.05,314,0,,,,,,,1,0,0%,0%,0%,0%,0%,0%
mag_aps_9x18_default,"st_mag_aps_9x18_fmj",0.04,520,0,,,,,,,1,0,0%,0%,0%,0%,0%,0%
mag_gsh18_9x19_default,"st_mag_gsh18_9x19_fmj",0.1,487,0,,,,,,,1,0,0%,0%,0%,0%,0%,0%
mag_glock_9x19_default,"st_mag_glock_9x19_fmj",0.09,487,0,,,,,,,1,0,0%,0%,0%,0%,0%,0%
mag_bas_sig226_9x19,"st_mag_sig226_9x19_fmj",0.1,754,0,,,,,,,1,0,0%,0%,0%,0%,0%,0%
mag_aug_5.56x45_default,"st_mag_aug_5.56x45",0.15,1765,0,,,,,,,1,0,0%,0%,0%,0%,0%,0%
ammo_gauss,"ammo-gauss",0.6,20512,,,,,,,500,1,2.5,66%,100%,1%,100%,100%,40%
mag_vss_9x39_default,"st_mag_vintorez_9x39_pab9",0.25,1517,0,,,,,,,1,0,0%,0%,0%,0%,0%,0%
mag_svdbas_7.62x54_default,"st_mag_svd_7.62x54",0.11,2590,0,,,,,,,1,0,0%,0%,0%,0%,0%,0%
mag_stanag_7.62x51_fast,"st_mag_stanag_fast_7.62x51",0.4,4125,0,,,,,,,1,0,0%,0%,0%,0%,0%,0%
mag_bizon_7.62x25_alt,"st_mag_bizon_7.62x25_p",0.5,1015,0,,,,,,,1,0,0%,0%,0%,0%,0%,0%
mag_remingtonarchangel_7.62x51,"st_mag_remingtonarchangel_7.62x51",0.65,4250,0,,,,,,,1,0,0%,0%,0%,0%,0%,0%
mag_vsk_9x39_default,"st_mag_vsk94_9x39_pab9",0.3,2024,0,,,,,,,1,0,0%,0%,0%,0%,0%,0%
mag_saiga12s_12x70_default,"st_mag_saiga12s_12x70",0.21,1675,0,,,,,,,1,0,0%,0%,0%,0%,0%,0%
mag_aug_9x19_default,"st_mag_aug_9x19_fmj",0.17,754,0,,,,,,,1,0,0%,0%,0%,0%,0%,0%
mag_bas_sig226_9x19_extended,"st_mag_sig226_9x19_fmjext",0.12,1354,0,,,,,,,1,0,0%,0%,0%,0%,0%,0%
mag_vihr_9x39_default,"st_mag_vihr_9x39_pab9",0.45,4365,0,,,,,,,1,0,0%,0%,0%,0%,0%,0%
mag_50_762x51_drum,"st_mag_overlylarge_50_762x51_drum",0.5,10000,0,,,,,,,1,0,0%,0%,0%,0%,0%,0%
mag_95_5.56x45_drum,"st_mag_overlylarge_95_556_drum",0.5,9000,0,,,,,,,1,0,0%,0%,0%,0%,0%,0%
mag_sigp220_default,"st_mag_sigp220_11.43x23_fmj",0.1,655,0,,,,,,,1,0,0%,0%,0%,0%,0%,0%
mag_75_762x39_drum,"st_mag_overlylarge_75_762x39_drum",0.5,10000,0,,,,,,,1,0,0%,0%,0%,0%,0%,0%
ammo_7.62x25_p,"ammo-7.62x25-p",0.17,875,8,,,,,,,1,0.7,70%,100%,35%,187%,70%,40%
mag_g43_7.92x33_default,"st_mag_g43_7.92x33",0.1,1755,0,,,,,,,1,0,0%,0%,0%,0%,0%,0%
ammo_12x76_dart,"ammo-12x76-dart",0.4,5000,,,,,42,,,1,1.52,33%,100%,80%,125%,190%,105%
mag_mp7_5.7x28_default,"st_mag_mp7_5.7x28_ss190",0.15,774,0,,,,,,,1,0,0%,0%,0%,0%,0%,0%
mag_vepr_12x70_compact,"st_mag_vepr_compact_12x70",0.115,2125,0,,,,,,,1,0,0%,0%,0%,0%,0%,0%
mag_bolt_300_default,"st_mag_trg_magnum_300",0.1,1415,0,,,,,,,1,0,0%,0%,0%,0%,0%,0%
mag_valbas_9x39_extended,"st_mag_valbas_9x39_pab9",0.45,3565,0,,,,,,,1,0,0%,0%,0%,0%,0%,0%
mag_vityaz_9x19_default,"st_mag_vityaz_9x19_fmj",0.17,852,0,,,,,,,1,0,0%,0%,0%,0%,0%,0%
mag_raptr_12x76_default,"mag_raptr",0.8,2500,0,,,,,,,1,0,0%,0%,0%,0%,0%,0%
mag_beretta_9x19_default,"st_mag_beretta_9x19_fmj",0.06,450,0,,,,,,,1,0,0%,0%,0%,0%,0%,0%
mag_vz61_9x18_alt,"st_mag_vz61_9x18_fmj",0.13,561,0,,,,,,,1,0,0%,0%,0%,0%,0%,0%
mag_usptac_9x19_extended,"st_mag_usptac_9x19_fmjext",0.13,1055,0,,,,,,,1,0,0%,0%,0%,0%,0%,0%
ammo_7.62x54_7h1,"ammo-7.62x54-7n1",0.22,2250,,,,30,,,,1,0.85,66%,100%,25%,150%,150%,40%
mag_svd_7.62x54_extended,"st_mag_svd_7.62x54_extended",0.1,5475,0,,,,,,,1,0,0%,0%,0%,0%,0%,0%
mag_remington700_7.62x51,"st_mag_basremington700_7.62x51",0.6,3090,0,,,,,,,1,0,0%,0%,0%,0%,0%,0%
mag_rpk_5.45x39_default,"st_mag_rpk74_5.45x39",0.3,3125,0,,,,,,,1,0,0%,0%,0%,0%,0%,0%
mag_sks_7.62x54_extended,"st_mag_sks_7.62x54ext",0.15,2635,0,,,,,,,1,0,0%,0%,0%,0%,0%,0%
mag_usp_11.43x23_default,"st_mag_usp_11.43x23_fmj",0.12,455,0,,,,,,,1,0,0%,0%,0%,0%,0%,0%
mag_m98b_300_default,"st_mag_m98b_magnum_300",0.2,2015,0,,,,,,,1,0,0%,0%,0%,0%,0%,0%
mag_usas12_12x70_default,"st_mag_usas12_12x70",0.5,4475,0,,,,,,,1,0,0%,0%,0%,0%,0%,0%
mag_ump45_11.43x23_default,"st_mag_ump45_11.43x23_fmj",0.15,774,0,,,,,,,1,0,0%,0%,0%,0%,0%,0%
ammo_5.56x45_ss190,"ammo-5.56x45-ss190",0.18,1600,,13,,,,,,1,1.57,66%,100%,20%,160%,57%,40%
mag_pm_9x18_default,"st_mag_pm_9x18_fmj",0.04,110,0,,,,,,,1,0,0%,0%,0%,0%,0%,0%
mag_stanag_7.62x51_short,"st_mag_stanag_7.62x51_short",0.4,1825,0,,,,,,,1,0,0%,0%,0%,0%,0%,0%
mag_bizon_9x19_alt,"st_mag_bizon_9x19_fmj",0.5,1015,0,,,,,,,1,0,0%,0%,0%,0%,0%,0%
ammo_7.62x54_ap,"ammo-7.62x54-ap",0.33,9500,,,,,,,80,1,0.85,90%,100%,5%,125%,170%,40%
ammo_23_eco,"ammo_23_eco",0.05,3500,,12,,,,,,1,1,50%,100%,15%,100%,15%,40%
mag_mp9iwp,"st_mag_mp9iwp",0.3,2000,0,,,,,,,1,0,0%,0%,0%,0%,0%,0%
ammo_9x39_ap,"ammo-9x39-ap",0.36,5350,,,,,,,55,1,1.04,66%,100%,63%,73%,50%,40%
mag_tt33_7.62x25_default,"st_mag_tt33_7.62x25_p",0.08,110,0,,,,,,,1,0,0%,0%,0%,0%,0%,0%
mag_legion_9x19,"st_mag_ppp_sig_9x19_fmj",0.07,370,0,,,,,,,1,0,0%,0%,0%,0%,0%,0%
mag_mk23_45,"st_mag_ppp_mk23_45",0.12,455,0,,,,,,,1,0,0%,0%,0%,0%,0%,0%
mag_ots_9x39_default,"st_mag_groza_9x39_pab9",0.3,2007,0,,,,,,,1,0,0%,0%,0%,0%,0%,0%
mag_basvz61_9x19_60,"st_mag_basvz61_9x19_60",0.14,561,0,,,,,,,1,0,0%,0%,0%,0%,0%,0%
mag_sw_919_default,"st_ppp_sw_919_fmj",0.16,330,0,,,,,,,1,0,0%,0%,0%,0%,0%,0%
mag_svt_7.62x54_default,"st_mag_svt40_7.62x54",0.1,1335,0,,,,,,,1,0,0%,0%,0%,0%,0%,0%
mag_svt_7.62x39_alt,"st_mag_svt40_7.62x39",0.3,1335,0,,,,,,,1,0,0%,0%,0%,0%,0%,0%
mag_svi_45,"st_mag_ppp_svi_45",0.16,1330,0,,,,,,,1,0,0%,0%,0%,0%,0%,0%
ammo_7.92x33_fmj,"ammo-7.92x33_fmj",0.37,1350,,,27,,,,,1,1,85%,100%,25%,150%,150%,200%
mag_m82_12.7x55_default,"st_mag_m82_12.7x55",0.3,2765,0,,,,,,,1,0,0%,0%,0%,0%,0%,0%
ammo_m209,"ammo-m209",0.2,2264,,,,35,,,,0,0.8,66%,100%,100%,100%,135%,40%
mag_fn57_default,"st_mag_fn57_5.7x28_ss190",0.09,570,0,,,,,,,1,0,0%,0%,0%,0%,0%,0%
mag_fnx45_default,"st_mag_fnx45_11.43x23_fmj",0.1,655,0,,,,,,,1,0,0%,0%,0%,0%,0%,0%
mag_hinge_7.62x51_default,"st_mag_hinge_7.62x51",0.35,1990,0,,,,,,,1,0,0%,0%,0%,0%,0%,0%
mag_svdbas_5.56_default,"st_mag_svd_5.56",0.12,2990,0,,,,,,,1,0,0%,0%,0%,0%,0%,0%
ammo_vog-30,"ammo_vog_30",0.2,1850,,,,35,,,,0,8,60%,100%,100%,100%,110%,40%
ammo_5.56x45_ap,"ammo-5.56x45-ap",0.18,4100,,,,,,52,,1,1.05,66%,100%,20%,160%,54%,40%
mag_cz75_9x18_alt,"st_mag_cz75_9x18_fmj",0.07,350,0,,,,,,,1,0,0%,0%,0%,0%,0%,0%
mag_dvl_338fed,"st_mag_dvl_338",0.5,2290,0,,,,,,,1,0,0%,0%,0%,0%,0%,0%
mag_95_545x39_drum,"st_mag_overlylarge_95_545_drum",0.5,9000,0,,,,,,,1,0,0%,0%,0%,0%,0%,0%
mag_svd_7.62x54_default,"st_mag_svd_7.62x54",0.1,1990,0,,,,,,,1,0,0%,0%,0%,0%,0%,0%
mag_kriss_9x19_ext,"ext_mag_kriss9_drum",0.27,774,0,,,,,,,1,0,0%,0%,0%,0%,0%,0%
mag_steyr_762,"st_mag_steyr_762",0.35,2391,0,,,,,,,1,0,0%,0%,0%,0%,0%,0%
mag_steyr_556,"st_mag_steyr_556",0.18,1936,0,,,,,,,1,0,0%,0%,0%,0%,0%,0%
mag_nato_5.45x39_alt,"st_mag_nato_5.45x39",0.19,1505,0,,,,,,,1,0,0%,0%,0%,0%,0%,0%
mag_basvz61_9x18_60,"st_mag_basvz61_9x18_60",0.14,561,0,,,,,,,1,0,0%,0%,0%,0%,0%,0%
mag_stanag_7.62x51_default,"st_mag_stanag_7.62x51",0.4,2375,0,,,,,,,1,0,0%,0%,0%,0%,0%,0%
mag_sr2m_9x21_veresk,"st_mag_sr2m_9x21_veresk",0.14,1254,0,,,,,,,1,0,0%,0%,0%,0%,0%,0%
mag_sr2m_9x18_veresk,"st_mag_sr2m_9x18_veresk",0.14,1254,0,,,,,,,1,0,0%,0%,0%,0%,0%,0%
mag_sr1m_9x21_extended,"st_mag_sr1m_9x21ext",0.12,1254,0,,,,,,,1,0,0%,0%,0%,0%,0%,0%
mag_sr1m_9x21_default,"st_mag_sr1m_9x21",0.1,754,0,,,,,,,1,0,0%,0%,0%,0%,0%,0%
mag_sks_7.62x39_extended,"st_mag_sksext_7.62x39",0.19,2235,0,,,,,,,1,0,0%,0%,0%,0%,0%,0%
mag_baskiparis_9x18_40,"st_mag_baskiparis_9x18_40",0.15,642,0,,,,,,,1,0,0%,0%,0%,0%,0%,0%
mag_kriss_11.43x23_default,"mag_kriss45",0.15,774,0,,,,,,,1,0,0%,0%,0%,0%,0%,0%
mag_sks_7.62x39,"st_mag_sks_7.62x39",0.11,1535,0,,,,,,,1,0,0%,0%,0%,0%,0%,0%
mag_bas_toz106,"st_mag_toz106_20x70_fmj",0.14,450,0,,,,,,,1,0,0%,0%,0%,0%,0%,0%
mag_bizon_9x18_defalt,"st_mag_bizon_9x18_fmj",0.5,1015,0,,,,,,,1,0,0%,0%,0%,0%,0%,0%
mag_sigp220_extended,"st_mag_sigp220_11.43x23_fmjext",0.11,1155,0,,,,,,,1,0,0%,0%,0%,0%,0%,0%
mag_baskiparis_9x19_40,"st_mag_baskiparis_9x19_40",0.15,642,0,,,,,,,1,0,0%,0%,0%,0%,0%,0%
mag_vepr_12x70_default,"st_mag_vepr_12x70",0.215,2175,0,,,,,,,1,0,0%,0%,0%,0%,0%,0%
mag_frasier_11.43x23_default,"st_mag_mp5_11.43x23_fmj",0.17,1852,0,,,,,,,1,0,0%,0%,0%,0%,0%,0%
mag_sig_5.56x45_sniper,"st_mag_sig550_sniper_5.56x45",0.15,1765,0,,,,,,,1,0,0%,0%,0%,0%,0%,0%
mag_sig_5.56x45_default,"st_mag_sig550_5.56x45",0.15,2001,0,,,,,,,1,0,0%,0%,0%,0%,0%,0%
mag_sig_11.43x23_default,"st_mag_sig220_11.43x23_fmj",0.07,370,0,,,,,,,1,0,0%,0%,0%,0%,0%,0%
ammo_7.62x54_7h14,"ammo-7.62x54_7n14",0.22,4000,,,,,45,,,1,0.85,66%,100%,25%,150%,150%,40%
mag_bas_pl15_9x19,"st_mag_pl15_9x19_fmj",0.1,754,0,,,,,,,1,0,0%,0%,0%,0%,0%,0%
mag_vsk_12.7x55_default,"st_mag_vssk_12.7x55",0.2,1451,0,,,,,,,1,0,0%,0%,0%,0%,0%,0%
mag_kiparis_9x18_default,"st_mag_kiparis_9x18_fmj",0.12,642,0,,,,,,,1,0,0%,0%,0%,0%,0%,0%
ammo_5.56x45_fmj,"ammo-5.56x45-fmj",0.17,1500,,,29,,,,,1,1.05,66%,100%,20%,160%,57%,40%
mag_rpd_7.62x39_default,"st_mag_rpd_7.62x39",0.5,3125,0,,,,,,,1,0,0%,0%,0%,0%,0%,0%
mag_coonan_357_default,"st_mag_ppp_1911_357_fmj",0.16,1015,0,,,,,,,1,0,0%,0%,0%,0%,0%,0%
ammo_7.62x51_ap,"ammo-7.62x51_ap",0.38,7500,,,,,,,62,1,0.89,50%,100%,25%,150%,50%,40%
mag_k98_7.92x33,"st_mag_k98_7.92x33",0.3,3500,0,,,,,,,1,0,0%,0%,0%,0%,0%,0%
ammo_gauss_cardan,"ammo-gauss_cardan",0.6,8399,,,,,,,500,1,2.5,66%,100%,1%,100%,100%,40%
mag_dvl_7.62x51,"st_mag_dvl_7.62x51",0.5,2290,0,,,,,,,1,0,0%,0%,0%,0%,0%,0%
mag_ak_5.45x39_extended,"st_mag_ak74_5.45x39_extended",0.3,6125,0,,,,,,,1,0,0%,0%,0%,0%,0%,0%
ammo_pkm_100,"ammo-7.62x54-r",0.54,5000,,,,37,,,,1,1.02,90%,100%,10%,150%,60%,40%
ammo_12.7x55_fmj,"ammo-12.7x55-fmj",0.44,3000,,,,38,,,,1,1.2,66%,100%,75%,80%,280%,40%
mag_hinge_7.62x51_extended,"st_mag_hinge_ext_7.62x51",0.4,4125,0,,,,,,,1,0,0%,0%,0%,0%,0%,0%
mag_rxp_9x19,"st_mag_ppp_signimble_9x19_fmj",0.07,370,0,,,,,,,1,0,0%,0%,0%,0%,0%,0%
mag_svdbas_7.62x54_extended,"st_mag_svd_7.62x54_extended",0.13,3475,0,,,,,,,1,0,0%,0%,0%,0%,0%,0%
mag_rpk_7.62x39_default,"st_mag_rpk_7.62x39",0.46,1765,0,,,,,,,1,0,0%,0%,0%,0%,0%,0%
ammo_7.62x25_ps,"ammo-7.62x25-ps",0.17,975,,,25,,,,,1,0.7,68%,100%,35%,187%,50%,40%
mag_rpk_5.56x45_default,"st_mag_rpk74_5.56x45",0.3,3125,0,,,,,,,1,0,0%,0%,0%,0%,0%,0%
mag_cz52_default,"st_mag_cz52_7.62x25_p",0.04,210,0,,,,,,,1,0,0%,0%,0%,0%,0%,0%
ammo_9x39_pab9,"ammo-9x39-pab9",0.37,1650,,,,34,,,,1,1.04,50%,100%,63%,73%,55%,40%
mag_l96a1_7.62x51_default,"st_mag_l96a1_7.62x51",0.3,1775,0,,,,,,,1,0,0%,0%,0%,0%,0%,0%
mag_usp_9x19_default,"st_mag_usp_9x19_fmj",0.12,455,0,,,,,,,1,0,0%,0%,0%,0%,0%,0%
mag_remingtonla_300,"st_mag_remingtonla_300",0.3,3550,0,,,,,,,1,0,0%,0%,0%,0%,0%,0%
mag_usptac_9x19,"st_mag_usptac_9x19_fmj",0.11,655,0,,,,,,,1,0,0%,0%,0%,0%,0%,0%
ammo_vog-25,"ammo-vog-25",0.26,2180,,,,35,,,,0,0.8,66%,100%,100%,100%,130%,40%
mag_rem_7.62x51_default,"st_mag_remington700_7.62x51",0.1,1552,0,,,,,,,1,0,0%,0%,0%,0%,0%,0%
mag_196a1_7.62x54_alt,"st_mag_l96a1_pkm",0.5,4125,0,,,,,,,1,0,0%,0%,0%,0%,0%,0%
mag_px4_45_default,"st_mag_ppp_px4_45",0.16,330,0,,,,,,,1,0,0%,0%,0%,0%,0%,0%
mag_ppsh_7.62x25_default,"st_mag_ppsh41_7.62x25_p",0.08,952,0,,,,,,,1,0,0%,0%,0%,0%,0%,0%
mag_glock_9x18_alt,"st_mag_glock_9x18_fmj",0.09,487,0,,,,,,,1,0,0%,0%,0%,0%,0%,0%
mag_ace21_5.56x45_default,"st_mag_ace21_5.56x45",0.18,1125,0,,,,,,,1,0,0%,0%,0%,0%,0%,0%
mag_nato_5.56x45_drum,"st_mag_nato_5.56x45_drum",0.581,9125,0,,,,,,,1,0,0%,0%,0%,0%,0%,0%
ammo_5.7x28_ss195,"ammo-5.7x28-ss195",0.1,1275,,,25,,,,,1,0.69,66%,100%,30%,150%,100%,40%
mag_ak_5.56x45_default,"st_mag_ak101_5.56x45",0.21,1556,0,,,,,,,1,0,0%,0%,0%,0%,0%,0%
mag_pp2000_9x19_default,"st_mag_pp2000_9x19_fmj",0.15,966,0,,,,,,,1,0,0%,0%,0%,0%,0%,0%
mag_mp5_9x18_alt,"st_mag_mp5_9x18_fmj",0.17,754,0,,,,,,,1,0,0%,0%,0%,0%,0%,0%
ammo_50_bmg,"ammo-50-bmg",0.33,27200,,,,,,,190,1,1.5,90%,100%,35%,100%,190%,40%
mag_galil_7.62x51_default,"st_mag_galil_7.62x51",0.4,2335,0,,,,,,,1,0,0%,0%,0%,0%,0%,0%
mag_cz75_9x19_default,"st_mag_cz75_9x19_fmj",0.07,350,0,,,,,,,1,0,0%,0%,0%,0%,0%,0%
mag_pmm_9x19_alt,"st_mag_pmm_9x19_fmj",0.04,310,0,,,,,,,1,0,0%,0%,0%,0%,0%,0%
mag_ash_12.7x55_default,"st_mag_ash12_12.7x55",0.35,2215,0,,,,,,,1,0,0%,0%,0%,0%,0%,0%
ammo_9x21_sp10,"ammo_9x21_sp10",0.19,2150,,,,32,,,,1,1.15,66%,100%,80%,125%,80%,110%
mag_pmm_9x18_default,"st_mag_pmm_9x18_fmj",0.04,310,0,,,,,,,1,0,0%,0%,0%,0%,0%,0%
ammo_11.43x23_fmj,"ammo-11.43x23-fmj",0.29,950,,,20,,,,,1,0.74,66%,100%,82%,187%,55%,40%
ammo_12x70_buck_self,"ammo-12x70-buck_self",0.52,460,3,,,,,,,11,0.3,500%,70%,200%,142%,25%,100%
mag_m249_5.56x45_default,"st_mag_m249_5.56x45",0.5,4521,0,,,,,,,1,0,0%,0%,0%,0%,0%,0%
mag_kiparis_9x19_alt,"st_mag_kiparis_9x19_fmj",0.12,642,0,,,,,,,1,0,0%,0%,0%,0%,0%,0%
ammo_11.43x23_hydro,"ammo-11.43x23-hydro",0.23,1425,10,,,,,,,1,1.64,66%,100%,82%,187%,70%,40%
mag_p90_5.7x28_default,"st_mag_p90_5.7x28_ss190",0.45,2561,0,,,,,,,1,0,0%,0%,0%,0%,0%,0%
mag_t63_7.62x39_default,"st_mag_type63_7.62x39",0.3,1002,0,,,,,,,1,0,0%,0%,0%,0%,0%,0%
mag_vz61_9x19_default,"st_mag_vz61_9x19_fmj",0.13,561,0,,,,,,,1,0,0%,0%,0%,0%,0%,0%
mag_oc_9x18_default,"st_mag_oc33_9x18_fmj",0.04,712,0,,,,,,,1,0,0%,0%,0%,0%,0%,0%
mag_nato_5.56x45_fast,"st_mag_nato_5.56x45_fast",0.13,5475,0,,,,,,,1,0,0%,0%,0%,0%,0%,0%
ammo_23x75_shrapnel,"ammo_23x75_shrapnel",0.45,2000,6,,,,,,,6,1.5,250%,100%,80%,110%,350%,105%
mag_kriss_9x19_default,"mag_kriss9",0.15,774,0,,,,,,,1,0,0%,0%,0%,0%,0%,0%
ammo_9x18_fmj,"ammo-9x18-fmj",0.16,560,,15,,,,,,1,0.6,66%,100%,80%,187%,60%,40%
mag_nato_5.56x45_drum_ext,"st_mag_nato_5.56x45_drum_ext",1.01,12500,0,,,,,,,1,0,0%,0%,0%,0%,0%,0%
ammo_9x19_ap,"ammo-9x19-ap",0.14,2350,,,,34,,,,1,0.7,66%,100%,75%,187%,36%,40%
mag_nato_5.56x45_casket,"st_mag_nato_5.56x45_casket",0.18,6125,0,,,,,,,1,0,0%,0%,0%,0%,0%,0%
mag_colt1911_default,"st_mag_colt1911_11.43x23_fmj",0.16,330,0,,,,,,,1,0,0%,0%,0%,0%,0%,0%
mag_stanag_7.62x51_extended,"st_mag_stanag_7.62x51_ext",0.45,3375,0,,,,,,,1,0,0%,0%,0%,0%,0%,0%
mag_t63_7.62x54_alt,"st_mag_type63_7.62x54",0.3,1002,0,,,,,,,1,0,0%,0%,0%,0%,0%,0%
mag_baskiparis_9x19_81,"st_mag_baskiparis_9x19_81",0.18,642,0,,,,,,,1,0,0%,0%,0%,0%,0%,0%
mag_saiga12s_12x70_extended,"st_mag_saiga12s_ext_12x70",0.21,5475,0,,,,,,,1,0,0%,0%,0%,0%,0%,0%
mag_mp5_9x19_default,"st_mag_mp5_9x19_fmj",0.17,754,0,,,,,,,1,0,0%,0%,0%,0%,0%,0%
mag_pp2000_9x18_alt,"st_mag_pp2000_9x18_fmj",0.15,966,0,,,,,,,1,0,0%,0%,0%,0%,0%,0%
mag_g36_5.56x45_default,"st_mag_g36_5.56x45",0.15,1854,0,,,,,,,1,0,0%,0%,0%,0%,0%,0%
mag_kriss_11.43x23_ext,"ext_mag_kriss_drum",0.27,774,0,,,,,,,1,0,0%,0%,0%,0%,0%,0%
mag_mp7_9x19_default,"st_mag_mp7_9x19_fmj",0.25,1754,0,,,,,,,1,0,0%,0%,0%,0%,0%,0%
mag_pkp_pkm_default,"st_mag_pkm_pkm",0.5,4125,0,,,,,,,1,0,0%,0%,0%,0%,0%,0%
ammo_7.62x39_ap,"ammo-7.62x39_ap",0.24,5450,,,,,,,55,1,1.17,75%,100%,30%,120%,60%,40%
ammo_12x76_zhekan,"ammo-12x76-zhekan",0.45,1650,,,24,,,,,1,2.7,50%,90%,80%,120%,190%,105%
mag_sv98_7.62x54_default,"st_mag_sv98_7.62x54",0.1,1870,0,,,,,,,1,0,0%,0%,0%,0%,0%,0%
mag_nato_5.56x45_extended,"st_mag_nato_5.56x45_extended",0.2,4125,0,,,,,,,1,0,0%,0%,0%,0%,0%,0%
mag_mp443_9x18_alt,"st_mag_mp443_9x18_fmj",0.1,415,0,,,,,,,1,0,0%,0%,0%,0%,0%,0%
mag_k98_7.62x54,"st_mag_k98_7.62x54",0.3,3500,0,,,,,,,1,0,0%,0%,0%,0%,0%,0%
mag_beretta_9x18_alt,"st_mag_beretta_9x18_fmj",0.06,450,0,,,,,,,1,0,0%,0%,0%,0%,0%,0%
ammo_357_hp_mag,"ammo-357-hp",0.21,2600,,,19,,,,,1,2.6,50%,100%,80%,150%,75%,40%
mag_px4_9x19_default,"st_mag_ppp_px4_9x19_fmj",0.16,330,0,,,,,,,1,0,0%,0%,0%,0%,0%,0%
ammo_7.62x39_fmj,"ammo-7.62x39_fmj",0.24,1950,,,,30,,,,1,1.17,75%,100%,30%,120%,66%,40%
mag_wa_7.62x51_default,"st_mag_wa2000_7.62x51",0.1,2625,0,,,,,,,1,0,0%,0%,0%,0%,0%,0%
ammo_5.7x28_ss190,"ammo-5.7x28-ss190",0.09,2600,,,,,40,,,1,0.69,66%,100%,30%,150%,36%,40%
mag_svdbas_5.56_extended,"st_mag_svd_5.56_extended",0.13,5475,0,,,,,,,1,0,0%,0%,0%,0%,0%,0%
mag_baskiparis_9x18_81,"st_mag_baskiparis_9x18_81",0.18,642,0,,,,,,,1,0,0%,0%,0%,0%,0%,0%
mag_baskiparis_9x18_20,"st_mag_baskiparis_9x18_20",0.1,642,0,,,,,,,1,0,0%,0%,0%,0%,0%,0%
mag_ak_7.62x39_fast,"st_mag_ak103_fast_7.62x39",0.2,5475,0,,,,,,,1,0,0%,0%,0%,0%,0%,0%
ammo_9x18_pmm,"ammo-9x18-pmm",0.15,960,10,,,,,,,1,1.1,66%,100%,80%,187%,70%,40%
mag_50_762x51_drum_hinge,"st_mag_overlylarge_50_762x51_drum2",0.5,10000,0,,,,,,,1,0,0%,0%,0%,0%,0%,0%
ammo_5.45x39_fmj,"ammo-5.45x39-fmj",0.16,1350,,,27,,,,,1,1.14,66%,100%,25%,150%,60%,40%
ammo_23x75_barrikada,"ammo_23x75_barrikada",0.5,7000,,,,,,54,,1,4.2,66%,100%,70%,150%,400%,105%
mag_baskiparis_9x19_20,"st_mag_baskiparis_9x19_20",0.1,642,0,,,,,,,1,0,0%,0%,0%,0%,0%,0%
ammo_7.92x33_ap,"ammo-7.92x33_ap",0.37,4500,,,,,39,,,1,1,85%,100%,25%,150%,150%,200%
mag_ak_5.56x45_modern,"st_mag_ak101_5.56x45",0.21,1215,0,,,,,,,1,0,0%,0%,0%,0%,0%,0%
mag_saiga12_drum,"st_mag_saiga12_drum",1.3,12000,0,,,,,,,1,0,0%,0%,0%,0%,0%,0%
mag_fort_9x18_default,"st_mag_fort_9x18_fmj",0.04,311,0,,,,,,,1,0,0%,0%,0%,0%,0%,0%
ammo_5.45x39_ap,"ammo-5.45x39-ap",0.16,5100,,,,,,47,,1,1.1,66%,100%,25%,150%,55%,40%
mag_fnp45_default,"st_mag_fnp45_11.43x23_fmj",0.1,655,0,,,,,,,1,0,0%,0%,0%,0%,0%,0%
ammo_9x19_pbp,"ammo-9x19-pbp",0.17,1125,10,,,,,,,1,1.35,66%,100%,75%,187%,100%,40%
mag_mp7_9x18_alt,"st_mag_mp7_9x18_fmj",0.25,1754,0,,,,,,,1,0,0%,0%,0%,0%,0%,0%
mag_hpsa_9x19_default,"st_mag_hpsa_9x19_fmj",0.05,314,0,,,,,,,1,0,0%,0%,0%,0%,0%,0%
ammo_og-7b,"ammo-og-7b",1.96,12490,,,,,,,125,0,1,152%,100%,100%,100%,150%,40%
mag_ak_7.62x39_default,"st_mag_ak_7.62x39",0.37,1010,0,,,,,,,1,0,0%,0%,0%,0%,0%,0%
mag_akalfa_5.56x45_bas,"st_mag_akalfa_5.56x45_bas",0.37,1010,0,,,,,,,1,0,0%,0%,0%,0%,0%,0%
mag_vityaz_9x18_alt,"st_mag_vityaz_9x18_fmj",0.17,852,0,,,,,,,1,0,0%,0%,0%,0%,0%,0%
ammo_magnum_300,"ammo-338-lapua",0.44,17000,,,,,,,140,1,1.45,66%,100%,35%,150%,200%,40%
mag_valbas_9x39_default,"st_mag_val_9x39_pab9",0.3,2365,0,,,,,,,1,0,0%,0%,0%,0%,0%,0%
mag_ak_5.45x39_modern,"st_mag_ak74m_5.45x39",0.21,1215,0,,,,,,,1,0,0%,0%,0%,0%,0%,0%
mag_colt1911_762x25,"st_ppp_colt1911_762x25_fmj",0.16,330,0,,,,,,,1,0,0%,0%,0%,0%,0%,0%
mag_nato_5.56x45_default,"st_mag_stanag",0.19,1505,0,,,,,,,1,0,0%,0%,0%,0%,0%,0%
mag_wp99_9x19,"st_mag_wp99_9x19_fmj",0.12,555,0,,,,,,,1,0,0%,0%,0%,0%,0%,0%
mag_bas_toz106_zhekan,"st_mag_toz106_20x70_zhekan_fmj",0.14,450,0,,,,,,,1,0,0%,0%,0%,0%,0%,0%
mag_pm_9x19_alt,"st_mag_pm_9x19_fmj",0.04,110,0,,,,,,,1,0,0%,0%,0%,0%,0%,0%
mag_vssbas_9x39_default,"st_mag_vintorez_9x39_pab9",0.25,1517,0,,,,,,,1,0,0%,0%,0%,0%,0%,0%
mag_ppp_glock_45_default,"st_ppp_glock_45_fmj",0.09,487,0,,,,,,,1,0,0%,0%,0%,0%,0%,0%
mag_bas_toz106m1_zhekan,"st_mag_etoz106_20x70_zhekan_fmj",0.16,750,0,,,,,,,1,0,0%,0%,0%,0%,0%,0%
ammo_338_federal,"ammo_338_federal",0.42,4000,8,,,,,,,1,10.7,67%,100%,5%,150%,200%,40%
mag_galil_7.62x54_7h1_default,"st_mag_galil_7.62x54_7h1",0.4,2335,0,,,,,,,1,0,0%,0%,0%,0%,0%,0%
mag_bas_pl15_9x19_extended,"st_mag_pl15_9x19_fmjext",0.12,1254,0,,,,,,,1,0,0%,0%,0%,0%,0%,0%
ammo_7.62x51_fmj,"ammo-7.62x51_fmj",0.38,3000,,,,34,,,,1,0.89,50%,100%,25%,150%,66%,40%
mag_bas_toz106m1,"st_mag_etoz106_20x70_fmj",0.16,750,0,,,,,,,1,0,0%,0%,0%,0%,0%,0%
mag_basvz61_9x19_30,"st_mag_basvz61_9x19_30",0.14,561,0,,,,,,,1,0,0%,0%,0%,0%,0%,0%
mag_1921_11.43x23_default,"st_mag_1921_11.43x23_fmj",0.5,1086,0,,,,,,,1,0,0%,0%,0%,0%,0%,0%
mag_ak_5.45x39_default,"st_mag_ak74_5.45x39",0.21,1015,0,,,,,,,1,0,0%,0%,0%,0%,0%,0%
mag_akalfa_7.62x39_bas,"st_mag_akalfa_7.62x39_bas",0.37,1010,0,,,,,,,1,0,0%,0%,0%,0%,0%,0%
ammo_9x19_fmj,"ammo-9x19-fmj",0.18,645,,17,,,,,,1,0.7,66%,100%,75%,187%,44%,40%
ammo_12.7x55_ap,"ammo_12.7x55_ap",0.44,6900,,,,,,,75,1,1.2,66%,100%,75%,80%,280%,40%
mag_rxp_45,"st_mag_ppp_signimble_45_fmj",0.07,370,0,,,,,,,1,0,0%,0%,0%,0%,0%,0%
mag_fort_9x19_alt,"st_mag_fort_9x19_fmj",0.04,311,0,,,,,,,1,0,0%,0%,0%,0%,0%,0%
